{"cameraMode":{"drawMode":0,"name":"Shaded","section":"Shading Mode"},"sceneLighting":false,"audioPlay":false,"sceneViewState":{"showFog":true,"showMaterialUpdate":false,"showSkybox":false,"showFlares":true,"showImageEffects":true,"showParticleSystems":true,"showVisualEffectGraphs":true,"m_FxEnabled":true},"in2DMode":false,"pivot":{"x":149.07595825195313,"y":0.9004764556884766,"z":155.11427307128907},"rotation":{"x":-0.03289521113038063,"y":-0.8820140361785889,"z":0.46593382954597475,"w":-0.06227315217256546},"size":2.4911601543426515,"orthographic":false}