{"cameraMode":{"drawMode":0,"name":"Shaded","section":"Shading Mode"},"sceneLighting":false,"audioPlay":false,"sceneViewState":{"showFog":true,"showMaterialUpdate":false,"showSkybox":false,"showFlares":true,"showImageEffects":true,"showParticleSystems":true,"showVisualEffectGraphs":true,"m_FxEnabled":true},"in2DMode":false,"pivot":{"x":0.07552627474069596,"y":0.267441987991333,"z":-0.06803075224161148},"rotation":{"x":-0.03289521113038063,"y":-0.8820140361785889,"z":0.46593382954597475,"w":-0.06227315217256546},"size":0.33528539538383486,"orthographic":false}