{"cameraMode":{"drawMode":0,"name":"Shaded","section":"Shading Mode"},"sceneLighting":false,"audioPlay":false,"sceneViewState":{"showFog":true,"showMaterialUpdate":false,"showSkybox":false,"showFlares":true,"showImageEffects":true,"showParticleSystems":true,"showVisualEffectGraphs":true,"m_FxEnabled":true},"in2DMode":false,"pivot":{"x":-0.9000000953674316,"y":1.4824347496032715,"z":0.8699989318847656},"rotation":{"x":0.022745922207832338,"y":0.9330242276191711,"z":-0.35407233238220217,"w":0.05994869023561478},"size":8.511600494384766,"orthographic":false}