{"cameraMode":{"drawMode":0,"name":"Shaded","section":"Shading Mode"},"sceneLighting":false,"audioPlay":false,"sceneViewState":{"showFog":true,"showMaterialUpdate":false,"showSkybox":false,"showFlares":true,"showImageEffects":true,"showParticleSystems":true,"showVisualEffectGraphs":true,"m_FxEnabled":true},"in2DMode":false,"pivot":{"x":-1.4220105409622193,"y":1.1537227630615235,"z":-2.0461649894714357},"rotation":{"x":-0.285218209028244,"y":-0.040537480264902118,"z":0.012075234204530716,"w":-0.9575303792953491},"size":2.2231340408325197,"orthographic":false}