{"cameraMode":{"drawMode":0,"name":"Shaded","section":"Shading Mode"},"sceneLighting":false,"audioPlay":false,"sceneViewState":{"showFog":true,"showMaterialUpdate":false,"showSkybox":false,"showFlares":true,"showImageEffects":true,"showParticleSystems":true,"showVisualEffectGraphs":true,"m_FxEnabled":true},"in2DMode":false,"pivot":{"x":0.25151610374450686,"y":0.671977162361145,"z":-5.34254789352417},"rotation":{"x":0.005573669448494911,"y":-0.9433558583259583,"z":0.3313663899898529,"w":0.015862716361880304},"size":1.0066627264022828,"orthographic":false}