{"cameraMode":{"drawMode":0,"name":"Shaded","section":"Shading Mode"},"sceneLighting":true,"audioPlay":false,"sceneViewState":{"showFog":true,"showMaterialUpdate":false,"showSkybox":true,"showFlares":true,"showImageEffects":true,"showParticleSystems":true,"showVisualEffectGraphs":true,"m_FxEnabled":true},"in2DMode":false,"pivot":{"x":2.0114829540252687,"y":-1.6909146308898926,"z":-1.4105169773101807},"rotation":{"x":0.022745922207832338,"y":0.9330242276191711,"z":-0.35407233238220217,"w":0.05994869023561478},"size":8.29492473602295,"orthographic":false}