{"cameraMode":{"drawMode":0,"name":"Shaded","section":"Shading Mode"},"sceneLighting":false,"audioPlay":false,"sceneViewState":{"showFog":true,"showMaterialUpdate":false,"showSkybox":false,"showFlares":true,"showImageEffects":true,"showParticleSystems":true,"showVisualEffectGraphs":true,"m_FxEnabled":true},"in2DMode":false,"pivot":{"x":-2.3216142654418947,"y":0.41999995708465578,"z":-2.2805075645446779},"rotation":{"x":-0.03289521113038063,"y":-0.8820140361785889,"z":0.46593382954597475,"w":-0.06227315217256546},"size":1.2730591297149659,"orthographic":false}