{"cameraMode":{"drawMode":0,"name":"Shaded","section":"Shading Mode"},"sceneLighting":false,"audioPlay":false,"sceneViewState":{"showFog":true,"showMaterialUpdate":false,"showSkybox":false,"showFlares":true,"showImageEffects":true,"showParticleSystems":true,"showVisualEffectGraphs":true,"m_FxEnabled":true},"in2DMode":false,"pivot":{"x":-1.0128318071365357,"y":0.023743465542793275,"z":4.933158874511719},"rotation":{"x":-0.39567673206329348,"y":0.004681127145886421,"z":-0.002016783459112048,"w":-0.9183759093284607},"size":1.207395076751709,"orthographic":false}