{"cameraMode":{"drawMode":0,"name":"Shaded","section":"Shading Mode"},"sceneLighting":false,"audioPlay":false,"sceneViewState":{"showFog":true,"showMaterialUpdate":false,"showSkybox":false,"showFlares":true,"showImageEffects":true,"showParticleSystems":true,"showVisualEffectGraphs":true,"m_FxEnabled":true},"in2DMode":false,"pivot":{"x":-0.14000022411346436,"y":0.07499998807907105,"z":0.049999237060546878},"rotation":{"x":0.022745922207832338,"y":0.9330242276191711,"z":-0.35407233238220217,"w":0.05994869023561478},"size":0.735255241394043,"orthographic":false}