{"cameraMode":{"drawMode":0,"name":"Shaded","section":"Shading Mode"},"sceneLighting":false,"audioPlay":false,"sceneViewState":{"showFog":true,"showMaterialUpdate":false,"showSkybox":false,"showFlares":true,"showImageEffects":true,"showParticleSystems":true,"showVisualEffectGraphs":true,"m_FxEnabled":true},"in2DMode":false,"pivot":{"x":-0.02334284782409668,"y":-0.1268857717514038,"z":1.3741066455841065},"rotation":{"x":-0.28319910168647768,"y":-0.47197040915489199,"z":0.16324560344219209,"w":-0.8187785744667053},"size":1.1425305604934693,"orthographic":false}