{"cameraMode":{"drawMode":0,"name":"Shaded","section":"Shading Mode"},"sceneLighting":false,"audioPlay":false,"sceneViewState":{"showFog":true,"showMaterialUpdate":false,"showSkybox":false,"showFlares":true,"showImageEffects":true,"showParticleSystems":true,"showVisualEffectGraphs":true,"m_FxEnabled":true},"in2DMode":false,"pivot":{"x":451.1268615722656,"y":159.3297119140625,"z":18.789663314819337},"rotation":{"x":0.006099604070186615,"y":0.8969372510910034,"z":-0.44194257259368899,"w":0.012379414401948452},"size":490.8328857421875,"orthographic":false}