{"cameraMode":{"drawMode":0,"name":"Shaded","section":"Shading Mode"},"sceneLighting":false,"audioPlay":false,"sceneViewState":{"showFog":true,"showMaterialUpdate":false,"showSkybox":false,"showFlares":true,"showImageEffects":true,"showParticleSystems":true,"showVisualEffectGraphs":true,"m_FxEnabled":true},"in2DMode":false,"pivot":{"x":-0.22684729099273683,"y":0.10435650497674942,"z":-0.06696818768978119},"rotation":{"x":-0.057886753231287,"y":-0.8720659017562866,"z":0.47414958477020266,"w":-0.10646850615739823},"size":0.16202615201473237,"orthographic":false}